{"mean":{"confidence_interval":{"confidence_level":0.95,"lower_bound":114330.23556234459,"upper_bound":121865.23396299072},"point_estimate":117958.2130427026,"standard_error":1926.6507979898197},"median":{"confidence_interval":{"confidence_level":0.95,"lower_bound":108633.14,"upper_bound":110652.475},"point_estimate":109925.20003605162,"standard_error":504.2077727901729},"median_abs_dev":{"confidence_interval":{"confidence_level":0.95,"lower_bound":3281.121093286921,"upper_bound":6050.892678732935},"point_estimate":4697.0842806100945,"standard_error":727.0334507691869},"slope":{"confidence_interval":{"confidence_level":0.95,"lower_bound":109241.48175562962,"upper_bound":112127.52325582744},"point_estimate":110505.58690901926,"standard_error":739.0927367743161},"std_dev":{"confidence_interval":{"confidence_level":0.95,"lower_bound":15767.885410209416,"upper_bound":21895.41587998137},"point_estimate":19312.56746635926,"standard_error":1564.345326421692}}