{"mean":{"confidence_interval":{"confidence_level":0.95,"lower_bound":956362.4785171899,"upper_bound":959693.4442032182},"point_estimate":958030.6006363317,"standard_error":850.6196269514642},"median":{"confidence_interval":{"confidence_level":0.95,"lower_bound":953595.3151803119,"upper_bound":960221.5982905983},"point_estimate":954729.2515317895,"standard_error":1630.3103228708346},"median_abs_dev":{"confidence_interval":{"confidence_level":0.95,"lower_bound":6869.954261848922,"upper_bound":12955.127715833854},"point_estimate":10051.26028104715,"standard_error":1591.3624475671852},"slope":{"confidence_interval":{"confidence_level":0.95,"lower_bound":953684.1412695741,"upper_bound":956319.8801007696},"point_estimate":954876.2191645731,"standard_error":673.3474310454088},"std_dev":{"confidence_interval":{"confidence_level":0.95,"lower_bound":7882.171028338016,"upper_bound":9158.394264189128},"point_estimate":8591.721470665294,"standard_error":325.25684056609845}}