{"mean":{"confidence_interval":{"confidence_level":0.95,"lower_bound":490158.49924635014,"upper_bound":493401.6312771178},"point_estimate":491646.8915039345,"standard_error":832.5890567022061},"median":{"confidence_interval":{"confidence_level":0.95,"lower_bound":487902.203125,"upper_bound":489061.21176470583},"point_estimate":488472.6020833333,"standard_error":275.15189335953727},"median_abs_dev":{"confidence_interval":{"confidence_level":0.95,"lower_bound":1254.3966928341401,"upper_bound":2795.0216134228963},"point_estimate":1926.9019704057334,"standard_error":370.9329388715316},"slope":{"confidence_interval":{"confidence_level":0.95,"lower_bound":493278.13174219854,"upper_bound":500253.6929285348},"point_estimate":496514.8546918871,"standard_error":1791.7527895490928},"std_dev":{"confidence_interval":{"confidence_level":0.95,"lower_bound":5154.471695974259,"upper_bound":11642.471143301882},"point_estimate":8353.173266912883,"standard_error":1757.6299342164405}}