{"mean":{"confidence_interval":{"confidence_level":0.95,"lower_bound":292191.14402569836,"upper_bound":293557.6127142797},"point_estimate":292856.98997416394,"standard_error":349.1584580895342},"median":{"confidence_interval":{"confidence_level":0.95,"lower_bound":291433.8797909408,"upper_bound":292398.5},"point_estimate":291851.6603082452,"standard_error":284.5688654472532},"median_abs_dev":{"confidence_interval":{"confidence_level":0.95,"lower_bound":2046.539210988062,"upper_bound":3807.1352907732},"point_estimate":2899.265492062613,"standard_error":438.9803833834651},"slope":{"confidence_interval":{"confidence_level":0.95,"lower_bound":292626.17096170125,"upper_bound":294488.3077180664},"point_estimate":293565.2916882349,"standard_error":475.7434520441151},"std_dev":{"confidence_interval":{"confidence_level":0.95,"lower_bound":2928.5043263806274,"upper_bound":4084.6782824464694},"point_estimate":3515.439614727443,"standard_error":295.01284470949673}}