{"mean":{"confidence_interval":{"confidence_level":0.95,"lower_bound":767978.0023155385,"upper_bound":770604.9693403399},"point_estimate":769314.0659401971,"standard_error":668.2004709846217},"median":{"confidence_interval":{"confidence_level":0.95,"lower_bound":770960.2753623188,"upper_bound":772634.9642857143},"point_estimate":771741.8470279721,"standard_error":423.0769231423478},"median_abs_dev":{"confidence_interval":{"confidence_level":0.95,"lower_bound":2793.2256718917984,"upper_bound":6334.286160391927},"point_estimate":4217.493317754676,"standard_error":933.0082837878239},"slope":{"confidence_interval":{"confidence_level":0.95,"lower_bound":763138.8292621239,"upper_bound":766205.7563099354},"point_estimate":764522.5428077434,"standard_error":783.7510814532333},"std_dev":{"confidence_interval":{"confidence_level":0.95,"lower_bound":5975.6808556303495,"upper_bound":7263.337783406937},"point_estimate":6699.55243149904,"standard_error":327.49288851930396}}