{"mean":{"confidence_interval":{"confidence_level":0.95,"lower_bound":631084.1897399848,"upper_bound":633986.3466858212},"point_estimate":632530.9789688053,"standard_error":740.5909302581701},"median":{"confidence_interval":{"confidence_level":0.95,"lower_bound":626226.2183544304,"upper_bound":637795.3620169081},"point_estimate":636021.2083333333,"standard_error":4425.779433962949},"median_abs_dev":{"confidence_interval":{"confidence_level":0.95,"lower_bound":3873.6561747071605,"upper_bound":13581.464953572466},"point_estimate":9613.167057257795,"standard_error":2506.141895698251},"slope":{"confidence_interval":{"confidence_level":0.95,"lower_bound":626454.3728954169,"upper_bound":628174.8222643846},"point_estimate":627201.1534151027,"standard_error":438.4189878636893},"std_dev":{"confidence_interval":{"confidence_level":0.95,"lower_bound":6962.786753952895,"upper_bound":7863.177287374836},"point_estimate":7437.226421117558,"standard_error":230.2951419796894}}