{"mean":{"confidence_interval":{"confidence_level":0.95,"lower_bound":294207.8458745048,"upper_bound":297533.01995181467},"point_estimate":295831.26808443473,"standard_error":847.8707613343631},"median":{"confidence_interval":{"confidence_level":0.95,"lower_bound":290689.8057142857,"upper_bound":296096.8430982077},"point_estimate":293326.016921083,"standard_error":1391.5083698275416},"median_abs_dev":{"confidence_interval":{"confidence_level":0.95,"lower_bound":4225.227714693126,"upper_bound":9377.15253875381},"point_estimate":6804.556981819658,"standard_error":1238.53007425197},"slope":{"confidence_interval":{"confidence_level":0.95,"lower_bound":295159.2804073327,"upper_bound":299685.2640414793},"point_estimate":297284.8221402183,"standard_error":1153.7758031861542},"std_dev":{"confidence_interval":{"confidence_level":0.95,"lower_bound":7009.287053345847,"upper_bound":9758.640355436883},"point_estimate":8517.710018882413,"standard_error":704.2794614840085}}