{"mean":{"confidence_interval":{"confidence_level":0.95,"lower_bound":274846.69189746026,"upper_bound":276444.72980633826},"point_estimate":275636.0799776797,"standard_error":408.3632141419876},"median":{"confidence_interval":{"confidence_level":0.95,"lower_bound":274095.43597560975,"upper_bound":275739.92164218816},"point_estimate":275037.93205971655,"standard_error":416.41108240971545},"median_abs_dev":{"confidence_interval":{"confidence_level":0.95,"lower_bound":2720.8368048205234,"upper_bound":4860.822658240392},"point_estimate":3763.6514061461658,"standard_error":543.1718525558889},"slope":{"confidence_interval":{"confidence_level":0.95,"lower_bound":273546.9480175669,"upper_bound":275368.2538147},"point_estimate":274427.36533323483,"standard_error":463.7898079160167},"std_dev":{"confidence_interval":{"confidence_level":0.95,"lower_bound":3497.893747581408,"upper_bound":4640.964451962775},"point_estimate":4104.919837118384,"standard_error":292.057852780134}}