{"mean":{"confidence_interval":{"confidence_level":0.95,"lower_bound":1121644.1167893007,"upper_bound":1124784.1488594546},"point_estimate":1123175.0096197966,"standard_error":803.0953033791604},"median":{"confidence_interval":{"confidence_level":0.95,"lower_bound":1119805.51,"upper_bound":1121809.341514845},"point_estimate":1120871.183083177,"standard_error":437.861181274324},"median_abs_dev":{"confidence_interval":{"confidence_level":0.95,"lower_bound":3295.598978274802,"upper_bound":5713.682608561682},"point_estimate":4568.5666521205585,"standard_error":650.9975568760974},"slope":{"confidence_interval":{"confidence_level":0.95,"lower_bound":1124000.6106669616,"upper_bound":1127964.8107801604},"point_estimate":1125909.2849623172,"standard_error":1012.8519263794361},"std_dev":{"confidence_interval":{"confidence_level":0.95,"lower_bound":6712.475128278405,"upper_bound":9142.519421651581},"point_estimate":8065.021765245909,"standard_error":621.1493827275598}}