{"mean":{"confidence_interval":{"confidence_level":0.95,"lower_bound":539284.5710110025,"upper_bound":541175.0491022774},"point_estimate":540247.1526686333,"standard_error":483.3052680498881},"median":{"confidence_interval":{"confidence_level":0.95,"lower_bound":541260.6647058823,"upper_bound":542928.8040178572},"point_estimate":542443.7228571428,"standard_error":474.98387292183537},"median_abs_dev":{"confidence_interval":{"confidence_level":0.95,"lower_bound":2108.2409521102727,"upper_bound":5250.782008177876},"point_estimate":2953.46643615649,"standard_error":812.7290211072482},"slope":{"confidence_interval":{"confidence_level":0.95,"lower_bound":535712.2786061843,"upper_bound":538085.7377304365},"point_estimate":536787.6151662479,"standard_error":604.8287316603987},"std_dev":{"confidence_interval":{"confidence_level":0.95,"lower_bound":4331.508500455575,"upper_bound":5249.314855426506},"point_estimate":4853.333132711984,"standard_error":233.053758322007}}