{"mean":{"confidence_interval":{"confidence_level":0.95,"lower_bound":557069.8159206943,"upper_bound":560870.175035479},"point_estimate":558895.6524790195,"standard_error":968.563187055889},"median":{"confidence_interval":{"confidence_level":0.95,"lower_bound":553923.159375,"upper_bound":556492.4257565095},"point_estimate":554774.5134146342,"standard_error":785.863476280064},"median_abs_dev":{"confidence_interval":{"confidence_level":0.95,"lower_bound":3405.632119662205,"upper_bound":8305.568569268424},"point_estimate":4950.667208777535,"standard_error":1261.6753489289424},"slope":{"confidence_interval":{"confidence_level":0.95,"lower_bound":561835.0020178038,"upper_bound":566707.5697903485},"point_estimate":564251.3357137579,"standard_error":1240.9931320572985},"std_dev":{"confidence_interval":{"confidence_level":0.95,"lower_bound":7372.1871470716915,"upper_bound":11634.912178229279},"point_estimate":9690.081623736296,"standard_error":1088.9184976139084}}