{"mean":{"confidence_interval":{"confidence_level":0.95,"lower_bound":252886.4322609153,"upper_bound":253212.31565943974},"point_estimate":253043.40821864965,"standard_error":83.02813370859892},"median":{"confidence_interval":{"confidence_level":0.95,"lower_bound":252762.26725852274,"upper_bound":252980.2939189189},"point_estimate":252841.99883288873,"standard_error":52.60156016969501},"median_abs_dev":{"confidence_interval":{"confidence_level":0.95,"lower_bound":352.6929198752947,"upper_bound":595.6266840088169},"point_estimate":482.12601237468465,"standard_error":63.35256131195236},"slope":{"confidence_interval":{"confidence_level":0.95,"lower_bound":252773.91345771725,"upper_bound":252987.4591404434},"point_estimate":252872.1781077287,"standard_error":55.00330758635074},"std_dev":{"confidence_interval":{"confidence_level":0.95,"lower_bound":612.1545748817418,"upper_bound":1041.73605272279},"point_estimate":837.7266236286991,"standard_error":111.69557748755084}}