{"mean":{"confidence_interval":{"confidence_level":0.95,"lower_bound":460567.58860675676,"upper_bound":464844.34375565435},"point_estimate":462468.4238753367,"standard_error":1095.3441159541599},"median":{"confidence_interval":{"confidence_level":0.95,"lower_bound":458174.40714285715,"upper_bound":460854.8675},"point_estimate":459070.7073359074,"standard_error":713.2648963501902},"median_abs_dev":{"confidence_interval":{"confidence_level":0.95,"lower_bound":3260.5869065234738,"upper_bound":6845.0579781606575},"point_estimate":4090.7884896816477,"standard_error":974.9206345067473},"slope":{"confidence_interval":{"confidence_level":0.95,"lower_bound":459348.05442703667,"upper_bound":462271.94318949396},"point_estimate":460705.13224530814,"standard_error":744.2133201643795},"std_dev":{"confidence_interval":{"confidence_level":0.95,"lower_bound":5493.758634518493,"upper_bound":16138.961941842525},"point_estimate":11028.04371318866,"standard_error":2799.5174430539496}}